{"20":{"GROW_CURVE_HP_S4":2.569000005722046,"GROW_CURVE_ATTACK_S4":2.569000005722046,"GROW_CURVE_HP_S5":2.5940001010894775,"GROW_CURVE_ATTACK_S5":2.5940001010894775},"40":{"GROW_CURVE_HP_S4":4.21999979019165,"GROW_CURVE_ATTACK_S4":4.21999979019165,"GROW_CURVE_HP_S5":4.307000160217285,"GROW_CURVE_ATTACK_S5":4.307000160217285},"50":{"GROW_CURVE_HP_S4":5.046000003814697,"GROW_CURVE_ATTACK_S4":5.046000003814697,"GROW_CURVE_HP_S5":5.176000118255615,"GROW_CURVE_ATTACK_S5":5.176000118255615},"60":{"GROW_CURVE_HP_S4":5.872000217437744,"GROW_CURVE_ATTACK_S4":5.872000217437744,"GROW_CURVE_HP_S5":6.053999900817871,"GROW_CURVE_ATTACK_S5":6.053999900817871},"70":{"GROW_CURVE_HP_S4":6.697000026702881,"GROW_CURVE_ATTACK_S4":6.697000026702881,"GROW_CURVE_HP_S5":6.940000057220459,"GROW_CURVE_ATTACK_S5":6.940000057220459},"80":{"GROW_CURVE_HP_S4":7.5229997634887695,"GROW_CURVE_ATTACK_S4":7.5229997634887695,"GROW_CURVE_HP_S5":7.835999965667725,"GROW_CURVE_ATTACK_S5":7.835999965667725},"90":{"GROW_CURVE_HP_S4":8.348999977111816,"GROW_CURVE_ATTACK_S4":8.348999977111816,"GROW_CURVE_HP_S5":8.73900032043457,"GROW_CURVE_ATTACK_S5":8.73900032043457}}